Workbook

Sheet Summary
A1: Evaluation of the postulate: key numbers
A2: Summary of the numerical review. Green values link to the detail sheets.
A4: Item | B4: Verdict | C4: What the numbers show | D4: Key value | E4: Unit / meaning | F4: Sheet
A5: P = NP as an assumption | B5: Allowed (assumption, not proof) | C5: Cannot be refuted; but §1.2 assumes it and Ch. 6 "proves" it (circular) | D5: — | E5: — | F5: —
A6: Speed-up at N = 100 if postulate holds | B6: Computed | C6: 2^100 vs C(100,2) = 4,950 operations | D6: =Speedup!D9 -> 2.5609103e+26 | E6: speed-up factor | F6: Speedup
A7: Negative-dimension rule | B7: Checks out | C7: Rule is 1/(|N|+3); product with P is always 1 | D7: ='Dimensions & lobes'!E5 -> 1 | E7: product (always 1) | F7: Dimensions & lobes
A8: Lobe and nodal-plane counts | B8: Checks out | C8: 4/6/8 lobes; 2/3/4 planes | D8: ='Dimensions & lobes'!C15 -> 8 | E8: lobes in the Octadic tier (|m_l| = 4 → 8) | F8: Dimensions & lobes
A9: Energy to collapse 2^100 → 1 | B9: Not the bottleneck | C9: Only 100 bits erased | D9: =Landauer!C12 -> 2.8709789e-19 | E9: J to erase 100 bits | F9: Landauer
A10: Eq. 9 weight at N = 100 | B10: Contradicts Thm 6.1 step 4 | C10: Built-in dissipation factor 2^−N | D10: =Landauer!E12 -> 7.8886091e-31 | E10: amplitude factor | F10: Landauer
A11: Rotation planes encode only pairwise terms | B11: Fails (reduces to Ising / max-cut) | C11: 1,276 numbers vs 1.1×10¹⁵ at N = 50 | D11: ='Planes vs octants'!C10 -> 5051 | E11: numbers for pairwise energy, N = 50 | F11: Planes vs octants
A12: O(N²) greedy success at N = 16 | B12: Fails | C12: Falls from 31% (N=8) to 7% (N=16) | D12: =Experiments!D7 -> 0.073333333 | E12: success rate | F12: Experiments
A13: E = mc² derivation (§4.2) | B13: Circular | C13: ρ_m defined as u/c² | D13: ='Field energy'!B9 -> 4.9258063e-17 | E13: kg/m³ at 10⁶ V/m | F13: Field energy
A14: 3-SAT scaling for N ≤ 60 | B14: Inconclusive | C14: Exponential and power-law fits both fit | D14: =Experiments!D20 -> 2.5470896 | E14: fitted exponent k in N^k | F14: Experiments

Sheet Speedup
A1: Speed-up if the postulate holds
A2: 2^N brute-force octants vs C(N,2) rotation-plane checks (Thm 6.1, step 3)
A4: N (dimensions / variables) | B4: 2^N (brute-force octants) | C4: C(N,2) (rotation planes) | D4: Speed-up (2^N / C(N,2))
A5: 5 | B5: =2^A5 -> 32 | C5: =A5*(A5-1)/2 -> 10 | D5: =B5/C5 -> 3.2
A6: 10 | B6: =2^A6 -> 1024 | C6: =A6*(A6-1)/2 -> 45 | D6: =B6/C6 -> 22.755556
A7: 20 | B7: =2^A7 -> 1048576 | C7: =A7*(A7-1)/2 -> 190 | D7: =B7/C7 -> 5518.8211
A8: 50 | B8: =2^A8 -> 1.1258999e+15 | C8: =A8*(A8-1)/2 -> 1225 | D8: =B8/C8 -> 9.1910196e+11
A9: 100 | B9: =2^A9 -> 1.2676506e+30 | C9: =A9*(A9-1)/2 -> 4950 | D9: =B9/C9 -> 2.5609103e+26
A10: 300 | B10: =2^A10 -> 2.037036e+90 | C10: =A10*(A10-1)/2 -> 44850 | D10: =B10/C10 -> 4.5418862e+85
A12: Assumptions: blue cells are inputs (edit N freely). Cost model taken from the dissertation: one operation per rotation plane, constant factor 1. This is the postulated cost, not a demonstrated algorithm.

Sheet Dimensions & lobes
A1: Arithmetic checks on §2.2 and §5.1
A3: Negative-dimension rule (inferred): anti-property = 1 / (|N| + 3) = 1 / P(|N|)
A4: N (signed) | B4: |N| | C4: Positive property P = 3 + |N| | D4: Anti-property 1/(|N|+3) | E4: Product P × anti-property | F4: Value given in dissertation
A5: -1 | B5: =ABS(A5) -> 1 | C5: =3+B5 -> 4 | D5: =1/(B5+3) -> 0.25 | E5: =C5*D5 -> 1 | F5: 1/4
A6: -3 | B6: =ABS(A6) -> 3 | C6: =3+B6 -> 6 | D6: =1/(B6+3) -> 0.16666667 | E6: =C6*D6 -> 1 | F6: 1/6
A7: -5 | B7: =ABS(A7) -> 5 | C7: =3+B7 -> 8 | D7: =1/(B7+3) -> 0.125 | E7: =C7*D7 -> 1 | F7: 1/8
A8: The rule 1/(|N|+3) reproduces all three given values (¼ = 0.25, ⅙ ≈ 0.1667, ⅛ = 0.125). The product is always 1, so every "crystallized constant" would equal 1. Saturation check: P at N = 5 is 3+5 = 8 (matches the dissertation).
A11: Lobe tiers (|m_l| gives 2|m_l| lobes and |m_l| nodal planes)
A12: Tier | B12: |m_l| | C12: Lobes = 2|m_l| | D12: Nodal planes = |m_l| | E12: Lobes given | F12: Planes given
A13: Delta (δ) | B13: 2 | C13: =2*B13 -> 4 | D13: =B13 -> 2 | E13: 4 | F13: 2
A14: Phi (φ) | B14: 3 | C14: =2*B14 -> 6 | D14: =B14 -> 3 | E14: 6 | F14: 3
A15: Octadic (O₈) | B15: 4 | C15: =2*B15 -> 8 | D15: =B15 -> 4 | E15: 8 | F15: 4
A17: Both columns match the dissertation. Note: the standard name for |m_l| = 4 is γ; "octadic" is non-standard.

Sheet Landauer
A1: Landauer cost of collapse and the Eq. 9 weight
A4: Boltzmann constant k_B (J/K) | B4: 1.380649e-23 | C4: CODATA 2019 exact value
A5: Temperature T (K) | B5: 300 | C5: Assumed room temperature (my choice, as in the analysis)
A6: ln 2 | B6: =LN(2) -> 0.69314718
A7: k_B·T·ln 2 (J per erased bit) | B7: =B4*B5*B6 -> 2.8709789e-21
A9: Bits erased N (2^N → 1) | B9: Candidates 2^N | C9: Energy to erase N bits (J) | D9: ΔE / k_B T = N·ln 2 | E9: Eq. 9 weight exp(−ΔE/k_B T) = 2^−N
A10: 5 | B10: =2^A10 -> 32 | C10: =A10*$B$7 -> 1.4354894e-20 | D10: =A10*$B$6 -> 3.4657359 | E10: =EXP(-D10) -> 0.03125
A11: 50 | B11: =2^A11 -> 1.1258999e+15 | C11: =A11*$B$7 -> 1.4354894e-19 | D11: =A11*$B$6 -> 34.657359 | E11: =EXP(-D11) -> 8.8817842e-16
A12: 100 | B12: =2^A12 -> 1.2676506e+30 | C12: =A12*$B$7 -> 2.8709789e-19 | D12: =A12*$B$6 -> 69.314718 | E12: =EXP(-D12) -> 7.8886091e-31
A14: Reading: collapsing 2^100 candidates to one erases only 100 bits (~3×10⁻¹⁹ J), so Landauer energy is not the obstacle. But Eq. 9 multiplies the reversed state by 2^−N (7.9×10⁻³¹ at N = 100), i.e. built-in dissipation, which contradicts Thm 6.1 step 4 ("no dissipation, lag ≡ 1").

Sheet Planes vs octants
A1: Parameter counts: octants vs rotation planes
A2: A pairwise (Ising-type) energy has 1 + N + C(N,2) numbers; a general function on {±1}^N needs 2^N
A4: N | B4: General function: 2^N numbers | C4: Pairwise energy: 1 + N + C(N,2) | D4: Ratio
A5: 5 | B5: =2^A5 -> 32 | C5: =1+A5+A5*(A5-1)/2 -> 16 | D5: =B5/C5 -> 2
A6: 8 | B6: =2^A6 -> 256 | C6: =1+A6+A6*(A6-1)/2 -> 37 | D6: =B6/C6 -> 6.9189189
A7: 12 | B7: =2^A7 -> 4096 | C7: =1+A7+A7*(A7-1)/2 -> 79 | D7: =B7/C7 -> 51.848101
A8: 16 | B8: =2^A8 -> 65536 | C8: =1+A8+A8*(A8-1)/2 -> 137 | D8: =B8/C8 -> 478.36496
A9: 50 | B9: =2^A9 -> 1.1258999e+15 | C9: =1+A9+A9*(A9-1)/2 -> 1276 | D9: =B9/C9 -> 8.823667e+11
A10: 100 | B10: =2^A10 -> 1.2676506e+30 | C10: =1+A10+A10*(A10-1)/2 -> 5051 | D10: =B10/C10 -> 2.5097022e+26
A12: Key point: if the energy over the octants is encoded by rotation planes (O(N²) numbers), then finding its minimum over {±1}^N is the Ising ground-state / max-cut problem, which is NP-hard. Reading O(N²) numbers does not make the minimization easy.

Sheet Experiments
A1: Numerical experiments (results of a Python run; values below are recorded data)
A3: A. O(N²) sequential greedy vs true Ising minimum (brute force over 2^N states)
A4: N | B4: Random instances | C4: Greedy hit true minimum | D4: Success rate
A5: 8 | B5: 150 | C5: 46 | D5: =C5/B5 -> 0.30666667
A6: 12 | B6: 150 | C6: 18 | D6: =C6/B6 -> 0.12
A7: 16 | B7: 150 | C7: 11 | D7: =C7/B7 -> 0.073333333
A8: Setup: couplings J_ij ~ Normal(0,1), symmetric; greedy sets each spin from the sign of its coupling to earlier spins (O(N²)); numpy seed 0.
A10: B. DPLL search nodes, random 3-SAT, clauses = round(4.26·N), median of 15 instances
A11: N | B11: Median nodes | C11: ln(nodes) | D11: ln(N) | E11: N² | F11: C(N,2)
A12: 20 | B12: 15 | C12: =LN(B12) -> 2.7080502 | D12: =LN(A12) -> 2.9957323 | E12: =A12^2 -> 400 | F12: =A12*(A12-1)/2 -> 190
A13: 30 | B13: 44 | C13: =LN(B13) -> 3.7841896 | D13: =LN(A13) -> 3.4011974 | E13: =A13^2 -> 900 | F13: =A13*(A13-1)/2 -> 435
A14: 40 | B14: 53 | C14: =LN(B14) -> 3.9702919 | D14: =LN(A14) -> 3.6888795 | E14: =A14^2 -> 1600 | F14: =A14*(A14-1)/2 -> 780
A15: 50 | B15: 115 | C15: =LN(B15) -> 4.7449321 | D15: =LN(A15) -> 3.912023 | E15: =A15^2 -> 2500 | F15: =A15*(A15-1)/2 -> 1225
A16: 60 | B16: 325 | C16: =LN(B16) -> 5.7838252 | D16: =LN(A16) -> 4.0943446 | E16: =A16^2 -> 3600 | F16: =A16*(A16-1)/2 -> 1770
A18: Exponential fit: nodes ≈ e^(slope·N), slope = | D18: =SLOPE(C12:C16,A12:A16) -> 0.071122925
A19: Growth factor per +10 variables | D19: =EXP(10*D18) -> 2.0364931
A20: Power-law fit: nodes ≈ N^k, k = | D20: =SLOPE(C12:C16,D12:D16) -> 2.5470896
A21: Inconclusive: at N ≤ 60 an exponential (~2× per +10 variables) and a power law (~N^2.6) fit about equally well. Hardness only appears at larger N, so this does not show P ≠ NP. Simple DPLL with unit propagation; Python random seed 1.

Sheet Field energy
A1: §4.2 example: ρ_m = u / c²
A2: Consistent by definition, not an independent derivation of E = mc²
A4: ε₀ (F/m) | B4: 8.8541878e-12 | C4: CODATA value
A5: Electric field E (V/m) | B5: 1000000 | C5: Illustrative input chosen for the analysis
A6: c (m/s) | B6: 299792458 | C6: Exact (SI definition)
A8: Energy density u = ½ ε₀ E² (J/m³) | B8: =0.5*B4*B5^2 -> 4.4270939
A9: Mass density ρ_m = u / c² (kg/m³) | B9: =B8/B6^2 -> 4.9258063e-17
A11: ρ_m is defined as u/c², so integrating it and recovering E = mc² is circular. The naive field-energy/c² also famously gives 4/3 of the true inertial mass of a charged sphere (the "4/3 problem"); a correct derivation uses Lorentz invariance of the total energy-momentum.
